id,slug,shortname,name,city,region,country,coordinates,source,currentPrediction,contact,isGroundhog,type,active,successor,description
1,punxsutawney-phil,Phil,Punxsutawney Phil,Punxsutawney,Pennsylvania,USA,"40.9311988,-78.9622483",https://www.groundhog.org/history-past-predictions,https://www.npr.org/2024/02/02/1228547493/groundhog-day-punxsutawney-phil-spring,,TRUE,Groundhog,TRUE,,"Punxsutawney Phil is a superstar prognosticating groundhog from Punxsutawney, Pennsylvania. He makes his predictions from his burrow on Gobler’s Knob. According to legend, Phil has made weather prognostications since 1886, owing his improbably long life to the miraculous “groundhog nog” administered at the annual Groundhog Picnic."
2,octoraro-orphie,Orphie,Octoraro Orphie,Quarryville,Pennsylvania,USA,"39.8255413,-76.0919567",https://orphie.neocities.org,https://www.fox43.com/article/news/local/groundhog-day-2024-central-pa-groundhog-predicitons/521-6fa49654-18d6-497f-a30a-5b337d98963e,,FALSE,Taxidermied groundhog,TRUE,,"Octoraro Orphie, from Quarryville Pennsylvania, is a taxidermied world-renowned weather prognosticator and “One True Groundhog.” Other so-called groundhogs draw more celebrity endorsements, but Orphie is not distracted by the worldly pursuits of fame and fortune (at least partially due to his being stuffed and mounted). He is a sharp dresser, often spotted in his dapper top hat and bow tie."
3,wiarton-willie,Willie,Wiarton Willie,Wiarton,Ontario,Canada,"44.7438686,-81.1386838",https://www.southbrucepeninsula.com/en/explore-and-play/wiarton-willie.aspx#Past-predictions,https://www.owensoundsuntimes.com/news/wiarton-willie-says-early-spring,,TRUE,Groundhog,TRUE,,"Wiarton Wille is Canada’s most famous prognosticating groundhog, from the town of Wiarton, Ontario. Willie is a white groundhog whose coming was foretold as one who would forever alter the world of weather prognostication. Every February 2nd, Willie announces his prediction in Groundhogese to The Mayor of the Land and of the Marmot, the only person who can speak Groundhogese."
4,jimmy-the-groundhog,Jimmy,Jimmy the Groundhog,Sun Prairie,Wisconsin,USA,"43.1826322,-89.2143204",https://www.cityofsunprairie.com/840/Groundhog-Day,https://www.marshfieldnewsherald.com/story/news/local/2024/02/02/groundhog-day-2024-see-what-sun-prairie-jimmy-predicted-this-year/72358190007/,visit@cityofsunprairie.com,TRUE,Groundhog,TRUE,,"Jimmy the Groundhog is based in Sun Prairie, Wisconsin, the proclaimed “World Headquarters of the Groundhog.” His annual emergence from the ground on February 2nd foretells the coming of spring. Jimmy has an extremely high accuracy rate on his annual predictions, making him an outstanding leader in meteorological circles. He occasionally bites mayors’ ears."
5,concord-charlie,Charlie,Concord Charlie,Athens,West Virginia,USA,"37.4245956,-81.0095902",https://www.concord.edu/?s=concord+charlie,https://www.lootpress.com/concord-charlie-predicts-early-spring-lori-mckinney-honored/,,FALSE,Presumed groundhog,TRUE,,"Concord Charlie is a presumed groundhog from Athens, West Virginia. In a tradition dating back to 1978, Charlie meets with the President of Concord University and relays his predictions regarding the duration of winter. The President then joins a slew of guests at the University’s annual Groundhog Day Breakfast and shares Charlie’s predictions. Notably, Charlie has never been seen by anyone except the President and presumably other university staff; we believe him to be a groundhog based on these few eyewitness accounts."
6,buckeye-chuck,Chuck,Buckeye Chuck,Marion,Ohio,USA,"40.6141291,-83.1321507,",https://en.wikipedia.org/wiki/Buckeye_Chuck#Past_predictions,https://twitter.com/OHBuckeyeChuck/status/1753399048114000163,,TRUE,Groundhog,TRUE,,"Buckeye Chuck is a weather-predicting groundhog in Marion, Ohio. In 1979, the Ohio legislature named Chuck the official groundhog for the Ohio state. Buckeye Chuck lives a comfortable, celebrity lifestyle — only working one day a year — but he doesn’t let the fame get to his head."
7,general-beauregard-lee,Beau,General Beauregard Lee,Jackson,Georgia,USA,"33.233898,-83.9466163",https://twitter.com/genbeaulee,https://www.usatoday.com/story/news/nation/2024/02/02/georgia-groundhog-day-2024-general-beauregard-lee/72421046007/,,TRUE,Groundhog,TRUE,,"General Beauregard Lee is Georgia’s Official Weather Prognosticator, considered the principal prognosticator for the southern USA. General Beau lives comfortably in his groundhog-sized mansion known as Weathering Heights, where he enjoys naps, digging tunnels, and hashbrowns."
8,french-creek-freddie,Freddie,French Creek Freddie,Upshur County,West Virginia,USA,"38.8573662,-80.3149827",https://wvdnr.gov/french-creek-freddie-facts-to-get-you-ready-for-groundhog-day/,https://www.wdtv.com/2024/02/02/french-creek-freddie-predicts-an-early-spring-2024/,,TRUE,Groundhog,TRUE,,"French Creek Freddie is a weather-predicting groundhog from Upshur County, West Virginia. Unlike his unseen state compatriot Concord Charlie, French Creek Freddie is a visible groundhog, who issues predictions annually from his home at the West Virginia State Wildlife Center."
9,gertie-the-groundhog,Gertie,Gertie the Groundhog,Hanna City,Illinois,USA,"40.732973,-89.7383042",https://www.facebook.com/wildlifeprairiepark,https://www.facebook.com/wildlifeprairiepark/posts/pfbid02RskCk58rahydDY4Fm3mzuuEjrj8TH1KaYUnD5Aj3nZ82NjsJsCD4h2m49odjrC8Ul,,TRUE,Groundhog,TRUE,,"Gertie the Groundhog is a celebrated meteorologist from Wildlife Prairie State Park, Illinois. Since 1993, Gertie has been predicting the weather on February 2nd from her wildlife chalet, inspiring local musician Barry Cloyd to write the original, hit song “Wake-Up Gertie.”"
10,dunkirk-dave,Dave,Dunkirk Dave,Dunkirk,New York,USA,"42.4609398,-79.3944887",https://www.dunkirkdave.com,https://twitter.com/news4buffalo/status/1753410470768222329,https://www.dunkirkdave.com/contact/,TRUE,Groundhog,TRUE,,"Dunkirk Dave, from Dunkirk, New York, is the second longest prognosticating groundhog in the world, second only to Punxsutawney Phil. His owner, Bob Will, has been handling and helping groundhogs and other wildlife since he was a child, making Will and Dave the perfect pairing. Dave loves breakfasting on cooked oatmeal."
11,malverne-mel,Malverne Mel,Malverne Mel,Malverne,New York,USA,"40.6793192,-73.6665466",https://www.facebook.com/crossroadsfarmatgrossmanns,https://www.newsday.com/long-island/groundhog-day-results-h400plsm,,TRUE,Groundhog,TRUE,,"Groundhog Day with Malverne Mel is a tradition more than 2 decades old in Malverne, New York. Not happy with only predicting the weather, Mel is an art connoisseur and also hosts a poster contest. Mel is also a huge fan of the Bill Murray movie, “Groundhog Day.”"
12,staten-island-chuck,Chuck,Staten Island Chuck,New York City,New York,USA,"40.6251281,-74.1175587",https://en.wikipedia.org/wiki/Staten_Island_Chuck#Past_predictions,https://nypost.com/2024/02/02/news/staten-island-chuck-is-ready-for-spring/,,TRUE,Groundhog,TRUE,,"Staten Island Chuck — also known as Charles G. Hogg — is a resident groundhog at Staten Island Zoo in New York City. He is one of the most accurate groundhogs, with an 85% accuracy rate. Chuck bit the hand of Mayor Michael Bloomberg and was subsequently the victim of an alleged manslaughter by succeeding Mayor Bill De Blasio."
13,lander-lil,Lil,Lander Lil,Lander,Wyoming,USA,"42.830629, -108.722943",https://www.facebook.com/BLMWyoming,https://cowboystatedaily.com/2024/02/02/lander-lil-doesnt-see-her-shadow-but-winter-is-going-to-wallop-wyoming-anyway/,,FALSE,Statue of a prairie dog,TRUE,,"Lander Lil, a bronze statue of a prairie dog, has been predicting the future of winter weather for Wyoming since 1984. There really was a real Lander Lil before the installation of a larger-than-life bronze statue, which stands lookout from her perch on the grounds of the local Post Office."
14,manitoba-merv,Merv,Manitoba Merv,Stonewall,Manitoba,Canada,"50.1738294,-97.1351477",https://twitter.com/OakHammockMarsh,https://twitter.com/OakHammockMarsh/status/1753420005796974930,,FALSE,Groundhog golf club cover,TRUE,,"Groundhog puppet Manitoba Merv has been predicting the arrival of spring at the Oak Hammock Marsh Interpretive Centre for about 25 years. Merv is a puppet — technically a golf club cover — which is a bonus, because he lives forever and doesn’t need to be awakened from hibernation for a prediction. Merv began his storied career as an actor in puppet shows, but has since evolved into a Manitoba legend with a near flawless prediction rate."
15,holtsville-hal,Hal,Holtsville Hal,Holtsville,New York,USA,"40.7967917,-73.0358701",https://www.facebook.com/brookhavenwildlifecenter,https://www.newsday.com/long-island/groundhog-day-results-h400plsm,,TRUE,Groundhog,TRUE,,"Holtsville Hal is the true-blue, first-rate North American Groundhog for the proud residents of Holtsville, New York. Hal’s prognostications are presented by Superintendent of Highways Daniel P. Losquadro. (The hot drink of the event is “HALuccino!) Hal’s introductory jingle goes: “Will he see it or will he not? Trust Holtzville Hal, he’s who we’ve got.”"
16,shubenacadie-sam,Sam,Shubenacadie Sam,Shubenacadie,Nova Scotia,Canada,"45.0921321,-63.397339",https://data.novascotia.ca/Lands-Forests-and-Wildlife/Shubenacadie-Wildlife-Park-Groundhog-Day-Predictio/4y37-h2yu,https://twitter.com/ShubenacadieSam/status/1753395520351986102,,TRUE,Groundhog,TRUE,,"Shubenacadie Sam is a weather-predicting groundhog who resides at the Shubenacadie Wildlife Park in Nova Scotia. Living on the eastern edge of Canada, Sam makes the first prediction in North America every year at 8:00 am AST. Sam is active on Twitter and enjoys yoga and meditation."
17,woody-the-woodchuck,Woody,Woody the Woodchuck,Howell,Michigan,USA,"42.523758,-83.9529562",https://www.facebook.com/howellnaturecenter,https://www.facebook.com/howellnaturecenter/videos/419380407188284,,TRUE,Groundhog,TRUE,,"Woody the Woodchuck, Michigan’s official clairvoyant groundhog, has been prognosticating for over 2 decades. Unlike the ‘shadow’ technique used by most groundhogs, Woody’s forecast is determined by the time she spends outside on a ceremonial tree stump: 30 seconds or longer means an early spring, any less means a chilly six more weeks of winter."
18,woodstock-willie,Willie,Woodstock Willie,Woodstock,Illinois,USA,"42.3142948,-88.4477184",https://www.facebook.com/WoodstockGroundhogDays/,https://abc7chicago.com/woodstock-willie-groundhog-day-2024-sees-shadow-prediction/14380465/,bellairsrick@gmail.com,TRUE,Groundhog,TRUE,,"Woodstock Willie is the official weather-predicting groundhog of Woodstock, Illinois. Woodstock is the filming location of the Bill Murray 1993 classic movie, “Groundhog Day”. Woodstock’s Groundhog Day ceremony is well attended, attracting with hundreds of spectators and featuring a Groundhog Polka Band."
19,mojave-max,Max,Mojave Max,Las Vegas,Nevada,USA,"36.1693608,-115.1906908",https://www.mojavemax.com/learn/meet-mojave-max/index.html,https://www.mojavemax.com/wp-content/uploads/2020/01/Emergence-History.pdf,,FALSE,Desert tortoise,TRUE,,"Mojave Max is a desert tortoise prognosticator who heralds spring’s arrival in Nevada. Groundhogs, who are famously not very accurate at making bets, avoid Las Vegas due to the heat and amount of money they would lose. Max, however, is right at home in the Nevada desert. Every year, Max enters a burrow to ‘brumate’ (hibernation for reptiles) throughout winter and emerges in the spring. Groundhog Day marks the start of “Mojave Max Watch,” a contest for elementary school students to guess the tortoise’s emergence date. Max’s emergence is “the preeminent indicator of spring-like weather in Southern Nevada and the west coast.” GROUNDHOG-DAY.com interprets Max’s predictions based on if he emerges on March 16 or later, which is 6 weeks after Groundhog Day."
20,sir-walter-wally,Wally,Sir Walter Wally,Raleigh,North Carolina,USA,"35.7821867,-78.6414861",https://twitter.com/sirwalterw?lang=en,,,TRUE,Groundhog,FALSE,,"Sir Walter Wally was the official prognosticating groundhog from Raleigh, North Carolina, where he lived at the Museum of Natural Sciences before retiring in 2023. While active, Wally was a media darling and is regularly featured on The Weather Channel’s list of national Groundhog Day representatives. He was also very active on Twitter where he would publish his predictions and subtweet Punxsutawney Phil."
21,schnogadahl-sammi,Sammi,Schnogadahl Sammi,Kresgeville,Pennsylvania,USA,"40.9014222,-75.497874",https://groundhoglodge.org/schedule/groundhog-lodge-number-6/,https://www.tnonline.com/20240202/sammi-6-more-weeks-of-winter/,,FALSE,Taxidermied groundhog,TRUE,,"Schnogadahl Sammi is a literally unpronounceable taxidermied groundhog mounted on a wooden plank who makes Groundhog Day predictions for Groundhog Lodge #6 near Kresgeville, Pennsylvania. The event was canceled in 2021 and 2022 due to the pandemic, but Sammi returned for a prediction in 2023. The prediction ritual starts with members of the lodge gathering around Sammi, and then giving a welcome, a prayer and a prediction in both English and Pennsylvania Dutch. When he is not the centre of attention on February 2nd, Sammi resides in the unbelievably-named community of Kunkletown."
22,poor-richard,Richard,Poor Richard,York,Pennsylvania,USA,"39.9658603,-76.729263",http://www.yorkslumberinggroundhoglodge.com,https://www.facebook.com/ElksLodge213/posts/pfbid0LT7UMQeKP1NcVqjRS1YFLRewurQqYz9gbTnwuWuwNY6dY7W4czX2DTtrcfR7cqBnl,,FALSE,Taxidermied groundhog,TRUE,,"Poor Richard is a taxidermied groundhog who prognosticates for the Slumbering Groundhog Lodge, in York, Pennsylvania. The York Slumbering Groundhog Lodge prides itself on carrying on the tradition of recognizing the importance of the groundhog in predicting the weather for the remaining 6 weeks of winter. Very rarely has York’s “Poor Richard” been wrong."
23,balzac-billy,Billy,Balzac Billy,Balzac,Alberta,Canada,"51.1908339,-114.0008889",https://www.facebook.com/bluegrasscgy,https://www.facebook.com/bluegrasscgy/posts/pfbid0QMPuXLTLxsSm1Vz5aECnS97UNse4TWZomnBRe3eW63FQpw4D4g2JKYJJf7NKytx4l,,FALSE,Person in a gopher suit,TRUE,,"Balzac Billy is the “Prairie Prognosticator”, a man-sized gopher mascot who prognosticates weather on Groundhog Day from the town of Balzac, Alberta. Billy is not a real groundhog because groundhogs are not native to Alberta. Instead, Billy is more properly a Richardson Ground Squirrel (ie, a gopher) who lives in a man-sized burrow outside the Blue Grass Nursery & Garden Centre. Billy eats seeds, leaves, roots and flowers, as well as some insects, and of course his annual Groundhog Day Breakfast!"
24,uni-the-groundhog,Uni,Uni the Groundhog,Myerstown,Pennsylvania,USA,"40.4181266,-76.2999232",https://www.facebook.com/Grundsau-Lodsch-17-Om-Union-Kanal-598077903658052/,https://www.facebook.com/permalink.php?story_fbid=pfbid02NZeNPaZHacLuVxRKn3Z313Lak78yzFac2YYbPsK6iYEvwPLsBc9VLw7Ts4Snb1jrl&id=100068885919997,,FALSE,Taxidermied groundhog,TRUE,,"Every year on February 2nd, Myerstown’s favorite groundhog “Uni” is placed on a raft for a ceremonial ride down the Tulpehocken Creek.  After his ride, he makes his weather prediction for the next six weeks. Since 1981, the Union Kanaal Grundsau Lodsch No. 17 has hosted the ceremony, which is performed in both English and the Pennsylvania Dutch language."
25,grover-and-sue,Grover and Sue,Grover and Sue,Pine Grove,Pennsylvania,USA,"40.5716175,-76.3676593",https://www.facebook.com/SweetArrowLake,https://www.skooknews.com/2024/02/schuylkill-countys-grover-groundhog.html,,FALSE,Taxidermied groundhogs,TRUE,,"Grover the Groundhog and Sweet Arrow Sue are a taxidermied groundhog couple representing Groundhog Lodge no. 5, from Pine Grove, Pennsylvania. Grover met with tragedy in a roadside accident but doesn’t let that get in the way of his duties as a public figure. He is an ambassador for his species, he predicts the weather, and he promotes recycling because he is recycled. Grover Pinebush was officially married to Sweet Arrow Sue in 2011, making them only married groundhog couple in Pennsylvania."
26,ms-g,Ms. G,Ms. G,Lincoln,Massachusetts,USA,"42.4094032,-71.3339523",https://www.facebook.com/MassAudubonDrumlinFarm,https://www.facebook.com/MassAudubonDrumlinFarm/posts/830129822490748,http://www.marmotadventures.com/php/mail_request.php?stormy,TRUE,Groundhog,TRUE,,"Ms. G has been the official state groundhog of Massachusetts since 2014, after a successful nomination effort from Hunnewell Elementary School students. Ms. G has health issues that prevent her from living alone in the wild, but she fills her day with visiting schools and community groups in her role as an ambassador of the natural world."
27,stormy-marmot,Stormy,Stormy Marmot,Aurora,Colorado,USA,"39.6890151,-104.8269175",http://www.marmotadventures.com/php/index.php,http://marmotadventures.com/blog/2024/02/02/i-see-spring-on-the-horizon/,,FALSE,Plush yellow-bellied marmot,TRUE,,"Stormy Marmot is a plush yellow-bellied marmot from Aurora, Colorado. He is one of the few famous groundhogs west of the Mississippi. When he is not predicting the upcoming forecast, Stormy loves travelling the world (voyaging from Texas to Alaska to Hong Kong) and updating his fans on his various social media accounts."
28,chuckles-the-groundhog,Chuckles,Chuckles the Groundhog,Manchester,Connecticut,USA,"41.7555391,-72.5221167",https://www.facebook.com/LutzMuseum,https://www.nbcconnecticut.com/news/local/connecticuts-groundhog-chuckles-predicts-early-spring/3209323/,,TRUE,Groundhog,TRUE,,"Chuckles (XI) presides over the annual Groundhog Day ceremony in Connecticut. Before making his prediction, the 8-month-old groundhog was sworn in as the official state groundhog by the former town mayor, then whispered his prediction into the ear of current mayor. Chuckles comes from a long line of furry prognosticators and resides at the Lutz Children’s Museum, the traditional residence of the Chuckles’."
29,stonewall-jackson,Stonewall,Stonewall Jackson,Wantage,New Jersey,USA,"41.2109112,-74.6968543",https://www.facebook.com/spacefarms,https://www.facebook.com/spacefarms/posts/pfbid0ozrcnSR7RmHHCcYtFRy75MBd1LhdGmuk57Tvg84zWoaNc589rzJ62VAjyY8uFNTZl,,TRUE,Groundhog,TRUE,,"Stonewall Jackson (VI) is a weather-predicting groundhog from Wantage, New Jersey, where he lives on Space Farms. Stonewall is still “in training” but he is from a proud prognosticating dynasty so he should have a leg up on other would-be weather-guessers."
30,flatiron-freddy,Freddy,Flatiron Freddy,Boulder,Colorado,USA,"40.0247794,-105.2271559",https://twitter.com/boulderosmp,https://twitter.com/boulderosmp/status/1753455572651835475,,FALSE,Taxidermied yellow-bellied marmot,TRUE,,"Flatiron Freddy is a top hat-wearing, yellow-bellied marmot who became a Groundhog Day weather prognosticator about a decade ago. Freddy is stuffed — not with the secret wisdom of unforetold weather events, but with actual stuffing, having died some years ago. Freddy generally chooses to arrive in style: sometimes flying in via zipline, rolling up in a monster truck, or sliding in on his snowboard."
31,snohomish-slew,Slew,Snohomish Slew,Snohomish,Washington,USA,"47.812527,-122.3818957",https://www.facebook.com/Thefrogturtlerescuelady/,https://www.facebook.com/Thefrogturtlerescuelady/posts/pfbid02H7PJq4KToY4kemB3QLeYLNFfkPwXLLVPXB8UPFoLFTaADJYaPg8kczyZLKqcyqX7l,thefroglady@justfrogsfoundation.org,FALSE,Bullfrog,TRUE,,"Snohomish Slew, a frognosticating bullfrog, makes an annual Groundfrog Day weather forecast for the Pacific Northwest in downtown Snohomish. There is much accompanying pomp and ceremony. From Thayer Cueter, Slew’s handler: “The pinnacle celebration moment [is] when Slew whispers his frogcast to his favourite scribe in Groundfrogese. [The] gathered crowd will be ribbeted! by every transcribed word from Slew as he accurately predicts our winter weather fate for six more weeks.”"
32,two-rivers-tunnel,Tunnel,Two Rivers Tunnel,Cape Breton,Nova Scotia,Canada,"45.9364617,-60.3005507",https://www.facebook.com/TwoRiversWildlifePark/,https://www.facebook.com/TwoRiversWildlifePark/posts/pfbid0wdbQg47T3HArkyF2LvRMtEfGsCj4arPPKuHWhANQWYPbkFp9qm6zmXmpyf8xmy3fl,,TRUE,Groundhog,TRUE,,"Two Rivers Tunnel is the official prognosticator for Cape Breton, located in Two Rivers Wildlife Park. Tunnel the groundhog lives in a charming green house and speaks in a distinct Groundhogese dialect — most likely native to Cape Breton, where he has been making predictions for over 20 years."
33,bee-cave-bob,Bob,Bee Cave Bob,Bee Cave,Texas,USA,"30.304515, -97.938430",https://twitter.com/beecavebob,https://spectrumlocalnews.com/tx/south-texas-el-paso/news/2024/02/02/bee-cave-bob-the-armadillo-2024-prediction,,FALSE,Armadillo,TRUE,,"Bee Cave Bob has helped Texans predict the early arrival of spring or the prolongment of winter since 2010. Bob is part of a Groundhog Day secessionist movement: with founder T. Booth rechristening it “Armadillo Day,” and stating “we don’t need no mangy groundhog in Pennsylvania predicting the weather for us.” In addition to weather forecasts, Bob also predicts the upcoming year’s partisan lean."
34,chilly-charlie,Charlie,Chilly Charlie,Woodstock,Ontario,Canada,"43.124424,-80.7544241",https://www.facebook.com/southgatectr,https://www.facebook.com/southgatectr/posts/pfbid0249gMwh1D482DfXkGqMUZc7xMqVyqG5Udb5tTpkXASBHp7cUCS5PgEsdQVh1bkqirl,,FALSE,Person in a groundhog suit,TRUE,,"Chilly Charlie is a groundhog mascot who makes the annual Groundhog Day prediction for Woodstock, Ontario. Woodstock’s traditional Groundhog Day celebration/pancake breakfast started in 2003, and has in recent years been modified to a drive-through format."
35,fred-la-marmotte,Fred,Fred la Marmotte,Val-d’Espoir,Quebec,Canada,"48.5143473,-64.3996831",https://www.fredlamarmotteofficielleduquebec.ca,https://montrealgazette.com/news/quebec/new-fred-marmotte-groundhog-day-2024-quebec,,TRUE,Groundhog,TRUE,,"Fred la marmotte is a prognosticating Quebecois groundhog from Val-d’Espoir in the Gaspésie, Quebec. While a previous Fred unexpectedly resigned in 2023, in 2024 we were introduced to “the new Fred,” who (it is claimed) is “better than any other groundhog.” When he’s not making weather predictions, he likes to dig around and explore in his summer and winter enclosures. Fred is unique in being the only weather-predicting groundhog whose habitat is located on a World Heritage Site, the “Géoparc mondial UNESCO de Percé.”"
36,middlemiss-mike,Mike,Middlemiss Mike,Melbourne,Ontario,Canada,"42.8156259,-81.5525152",https://www.facebook.com/groups/1007977346248663,https://www.facebook.com/photo/?fbid=776609351159907&set=oa.1085914919214517,asplitvillageatacrossroad@gmail.com,FALSE,Plush prairie dog,TRUE,,"Middlemiss Mike is a plush prairie dog prognosticator from Melbourne, Ontario. Jack Galbraith (pictured) started the event in 2007, remarking that weather predictions in faraway Punxatawney aren’t typically accurate in Ontario. Mike’s family grew over the years: in 2008 he met Melbourne Minnie, and in the following years they were blessed with children and friends: Little Wolfe, Maple, Leaf, Alby, and Bobby Jo. JoAnn Galbraith (Jack’s wife) carries on the now-famous tradition with the local village to help pass the winter blues."
37,beardsley-bart,Bart,Beardsley Bart,Bridgeport,Connecticut,USA,"41.2097196,-73.1843214",https://www.facebook.com/ConnecticutsBeardsleyZoo,https://www.facebook.com/ConnecticutsBeardsleyZoo/posts/pfbid02UCHtvXL6VhA88X2GgDdsJUCG228H77wY5n82o465kdYB15y8K18X2sexEa11b3kYl,info@beardsleyzoo.org,FALSE,Prairie dog,TRUE,,"Beardsley Bart is the principal prognosticating prairie dog at Connecticut’s Beardsley Zoo. His official title is Senior Spring Arrival Specialist. Every year, Beardsley Bart says that spring is coming eventually, and he has always been 100 percent correct."
38,sand-mountain-sam,Sam,Sand Mountain Sam,Albertville,Alabama,USA,"34.1666754,-86.1192772",https://www.facebook.com/105wqsb/,https://www.facebook.com/105wqsb/posts/pfbid0ZQ9fu9xRnD6qNZZosSTpM3aMu43PWrLeC1sgiVUy2NhmGSjB1xViPuPGUt9ZGJsNl,,FALSE,Opossum,TRUE,,"Sand Mountain Sam is a legendary prognosticating opossum from Albertville, Alabama, who has been making predictions for over a decade. In 2020, the state game warden nearly cancelled the tradition (usually, having a possum as a pet is against the law), but in 2022 Sam returned, emerging from a whiskey barrel to predict an early spring."
39,bowman-bill,Bill,Bowman Bill,Stephens City,Virginia,USA,"39.1014751,-78.1945146",https://www.handleyregional.org/GroundhogDay,https://www.facebook.com/handleyregional/posts/pfbid02JKGZxY5ENjcDg1wCMrDnYw97bYjaj8o9rm79cjaUi9oezQz8TJZahDCxbeBHpPYql,,FALSE,Groundhog puppet,TRUE,,"Bowman Bill is the resident puppet prognosticator at Bowman Library, in Stephens City, Virginia. Bill’s Groundhog Day ceremony includes awards, crafts, stories and ice cream: if Bill sees his shadow, the ice cream is topped with chocolate sauce. Not one to hog the limelight, Bill shares his Groundhog Day with two live groundhogs, Tiva and Luna, who come to the library to observe Bill’s technique first hand."
40,buffalo-bert,Bert,Buffalo Bert,Buffalo,New York,USA,"42.7245868,-78.6732692",https://www.buffalogroundhogday.com,https://www.facebook.com/buffalogroundhogday/posts/pfbid0DmxksiUAUGAQYLZg1VdD6C2qQPTr3S5dSsY5oPCWhAG2NQsGCrYkfiDNCbhthdVBl,buffalogroundhogday@gmail.com,TRUE,Groundhog,TRUE,,"Buffalo Bert is the official prognosticating groundhog for the city of Buffalo, New York, residing at the Hawk Creek Wildlife Refuge. Bert is the world’s most accurate weather prognosticator with a 100% accurate prediction rate. He was rescued as an orphan and now embraces serving the public. “Bert is a survivor, and was rescued for a reason,” says Tanya Lowe, Director of Wildlife Education, “Now he’s a Buffalo ambassador.” Like the fine citizens of Buffalo, Bert fears no weather and has never met a party he didn’t like."
41,dover-doug,Doug,Dover Doug,Dover Township,Pennsylvania,USA,"39.9979137,-76.8571679",https://www.linkedin.com/in/dover-doug/,https://www.ydr.com/story/news/local/2024/02/02/groundhogs-punxsutawney-phil-poor-richard-dover-doug-susquehanna-sherman-offer-different-predictions/72437462007/,,FALSE,Person in a groundhog suit,TRUE,,"Dover Doug is a groundhog mascot who makes an annual Groundhog Day prediction in Pennsylvania’s Dover Township. Unlike traditional groundhogs, Doug doesn’t use his shadow, but rather an ‘interpretive dance’ Groundhogese variation (featuring hand movements, wiggles and head shakes) to deliver his prognostication to the attendant Burrow Master and Shadow Keeper. And with great results: a prior Burrow Master said Doug “has been making predictions for about 30 years and has always been 100 percent accurate.”"
42,fenwick-flossie,Flossie,Fenwick Flossie,Pelham,Ontario,Canada,"43.0208392,-79.3629854",https://www.facebook.com/fabulousfenwicklions/,https://www.facebook.com/fabulousfenwicklions/videos/358393480477790/,,FALSE,Person in a groundhog suit,TRUE,,"Fenwick Flossie is an adult-sized groundhog mascot organized by the local Lion’s Club in Fenwick, Ontario. Flossie is a non-gender mascot, given life by an octogenarian Lion’s club member who has suited up for the role each year for nearly three decades. The club prefers to not release the person’s identity to protect the mystery of who is channelling the woodchuck spirit."
43,lawrenceville-lucy,Lucy,Lawrenceville Lucy,Lawrenceville,Pennsylvania,USA,"41.9735597,-77.201705",https://www.facebook.com/LawrencevilleLucy,https://www.facebook.com/LawrencevilleLucy/posts/pfbid02rqKpPCWSHAWnjNuaNGsahy6ZqZFTYjk2hreSdk2iyVdbZ5MFefTUVuh2asyGZQwMl,,TRUE,Groundhog,TRUE,,"Lawrenceville Lucy is a wild groundhog living in a burrow overlooking Cowanesque Lake near Lawrenceville, Pennsylvania. Every year on February 2nd, she gives a very spirited prediction and updates her Facebook page with the news. Uncommonly in wild groundhogs, Lucy is partial to hot chocolate with marshmallows and chocolate sprinkles, but doesn’t let it interfere with her work of making accurate, unbiased predictions. "
44,mount-joy-minnie,Minnie,Mount Joy Minnie,Mount Joy,Pennsylvania,USA,"40.1091208,-76.5043106",https://www.facebook.com/mountjoychamber,https://www.facebook.com/mountjoychamber/videos/218903954642385/,,FALSE,Plush groundhog,TRUE,,"Mount Joy Minnie is a plush groundhog who makes an annual weather prediction for Mount Joy, Pennsylvania. Minnie wakes up bright and early every year on February 2nd to host a hot chocolate and doughnut breakfast where her handlers read out her official proclamation. In addition, Minnie hosts a crazy hat contest, which is even crazier than you are imagining. When she is off the clock, Minnie likes posting updates on Facebook and hanging out with her friend Ginger the cat."
45,boise-bill,Bill,Boise Bill,Boise,Idaho,USA,"43.6078333,-116.2049143",https://zooboise.org,https://www.facebook.com/zooboise/posts/pfbid02mzzjCbDZn9jBgZESpB9NxowgVcJcupCfNCHPjC1zEoNZdFKPEm5yhsRst9wevJ4zl,jagosta@cityofboise.org,FALSE,Plush prairie dog,FALSE,,"Boise Bill is a plush prairie dog from Boise, Idaho. For many years, Bill was a staple in predicting the weather in Boise, however, he is still on a several-year sabbatical. Here is his statement: “Honestly, it’s a lot of stress having the whole world depend on you to predict the weather and I needed to take a break. I’ve really been enjoying my time out of the spotlight and have been focusing on Zoo Boise’s Conservation Fund. I have a beautiful corner office in my burrow and spend most of my day helping zoo staff come up with innovative ways to raise money to help protects animals all over the world.”"
46,patty-pagoda,Patty,Patty Pagoda,Reading,Pennsylvania,USA,"40.33607,-75.9078327",https://www.facebook.com/thereadingpagoda,https://berksweekly.com/news/readings-patty-pagoda-predicts-early-spring-on-groundhog-day/,,FALSE,Person in a groundhog suit,TRUE,,"Miss Patty Pagoda, a groundhog mascot with a glamourous hair bow, is the official prognosticator for Reading, Pennsylvania. Patty lives in her burrow on Mount Penn next to the picturesque Reading Pagoda and is passionate about predicting the weather and preventing litter. Patty has been prognosticating at the Pagoda since 2006, braving the seasonal cold and fog to deliver critical far-sighted forecasts."
47,polk-county-paula,Paula,Polk County Paula,Des Moines,Iowa,USA,"41.5830468,-93.6206605",https://www.facebook.com/HighLifeLounge,https://www.weareiowa.com/article/life/holidays/groundhog-day-2024-punxsutawney-phil-polk-county-paula-prediction-early-spring-winter-weather/524-2dc776f5-0c4e-43f3-b3d8-a17158709314,info@thehighlifelounge.com,FALSE,Person in a groundhog suit,TRUE,,"Polk County Paula is Des Moines’ resident groundhog who regales fans with her annual prediction at the High Life Lounge’s Annual Groundhog Day Celebration. Every year on February 2nd groundhog enthusiasts line up before 5am to be first in line for FREE Miller High Life breakfast beer given out from 6-8 am. Paula’s annual prediction happens at sunrise, closely followed by regional meteorologists. Paula makes a grand entrance from her beer-case burrow, where she hibernates throughout the colder winter months!"
48,chesapeake-chuck,Chuck,Chesapeake Chuck,Newport News,Virginia,USA,"37.0699814,-76.4818192",https://www.facebook.com/VirginiaLivingMuseum,https://www.facebook.com/reel/724666349766308,,TRUE,Groundhog,TRUE,,"Chesapeake Chuck is Virginia Living Museum’s furry prognosticator of prognosticators, hailing from Newport News, VA. Not just limited to weather predictions, Chuck is also able to foresee the winner of the Super Bowl. In order to stay in tip-top shape, Chuck dines on “restaurant quality” carrots and sweet potatoes."
49,scramble-the-duck,Scramble,Scramble the Duck,Eastford,Connecticut,USA,"41.901251,-72.0815198",https://scrambletheduck.org,https://scrambletheduck.org/news/2024/02/02/scramble-predicts-early-spring/,,FALSE,Pekin duck,TRUE,,"Scramble the Duck is a prognosticating Pekin duck from Eastford, Connecticut who makes an official prediction on “Duck Day” every February 2nd. Billed as “an accurate alternative to the groundhog,” Scramble has an impressive perfect record of weather prognostications. According to his website, “Scramble can predict the weather because he has the most superior education,” in addition to the innate fact that ducks “live above ground, [so] they know more about the weather.”"
50,snerd,Snerd,Snerd,Garner,North Carolina,USA,"35.6800912,-78.6279155",https://www.facebook.com/GarnerParksRecreationAndCulturalResources,https://www.facebook.com/GarnerParksRecreationAndCulturalResources/posts/pfbid0gwkkoFBMknU3TCDXyPdGdY7U6ah8aQL1h2hw2hTnB2AGWuiexnk2ibRFYLHBQYpKl,,TRUE,Groundhog,TRUE,,"Snerd is a groundhog prognosticator who gives an annual prediction from White Deer Park, in Garner, North Carolina. North Carolina’s roster of Groundhog Day prognosticators has dwindled down to just Snerd — Garner’s official prognosticator since 2015 — and Pisgah Penny. According to Snerd’s translator from wildlife rehabilitation organization CLAWS, Snerd spends weeks conferring with Mother Nature, the Farmer’s Almanac, and the Weather Channel to get precise information before making her yearly prediction."
51,snowy-the-prairie-dog,Snowy,Snowy the Prairie Dog,Pend Oreille County,Washington,USA,"48.5224835,-117.8912722",http://www.climatehawk.org/groundhog.html,http://www.climatehawk.org/groundhog.html,,FALSE,Prairie dog,FALSE,,"Snowy the Prairie Dog made an annual weather prediction from Pend Oreille Country, Washington. Snowy and Flurries were a tag-team of prognosticating prairie dogs with their very own website and an impressive accuracy rating. Bob Lutz, traffic broadcaster for 920 News Now, maintained their list of historical predictions as well as an “Accuracy Score” for each year: a level of accountability that few other prognosticators can meet."
52,tinicum-tim,Tim,Tinicum Tim,Philadelphia,Pennsylvania,USA,"39.8921524,-75.2572137",https://www.facebook.com/johnheinznwr,https://www.facebook.com/johnheinznwr/posts/pfbid02efHJYx9UNUFn2K5x9EKexNFVSZMHqpzBwfNQVby5Tipn5grWK7HqVXnGzSpi7ieVl,wingyi_kung@fws.gov,FALSE,Groundhog puppet,TRUE,,"Tinicum Tim is a groundhog puppet who (usually) makes an annual weather prediction for the John Heinz National Wildlife Refuge in Philadelphia, Pennsylvania. Tim is the star of the shadow ceremony, but he couldn’t do it without the support of his wife, Tinicum Tina, and their children, the Tinicum twins. Other activities at the wildlife refuge during the Groundhog Day Festival include songs, crafts, and light snacks and refreshments."
53,wildwood-willie,Willie,Wildwood Willie,Toledo,Ohio,USA,"41.6818106,-83.6675126",https://www.facebook.com/MetroparksToledo,https://www.facebook.com/MetroparksToledo/posts/pfbid02mt6w3RCGWTXipQzNFFUt3Txsm41Hh6MGfAHQL6SM19bHP5Fc1TMDR7VUSuJ5vSMXl,metroparkstoledo.com/contact,FALSE,Taxidermied groundhog,TRUE,,"Wildwood Willie is a taxidermied groundhog who hosts a “Groundhogs Day” event every year at Ohio’s Wildwood Preserve Metropark. In addition to impressing attendees with his weather-predicting powers and his cute outfits, Willie’s prediction is preceded by gleeful groundhog stories, songs, crafts, games, and a nature walk through a typical groundhog habitat. Celebrate the lore and legend of Groundhogs Day with Wildwood Willie!"
54,benny-the-bass,Benny,Benny the Bass,Buckeye Lake,Ohio,USA,"39.9335365,-82.501816",https://www.facebook.com/BuckeyeLakeWinterfest,https://myfox28columbus.com/news/local/benny-the-bass-predicts-early-spring-at-buckeye-lake-winterfest-central-ohio-events-family-activities-grounshog-day-winter-january,buckeyelakeregioncc@gmail.com,FALSE,Largemouth bass,TRUE,,"Benny the Bass is a foreseeing fish whose annual weather prediction kicks off Winterfest in Buckeye Lake, Ohio. Unlike the traditional ‘shadow’ method preferred by landgoing prognosticators, Benny’s prediction is based on his breakfast. “I pour a bunch of minnows into this big tank with a live bass,” says Mike Fornataro, Chair of Winterfest, “Then people chant, Take the bait, spring can’t wait.’ The bass has three minutes to eat a minnow. If he does, it’s an early spring. If he doesn’t, it’s six more weeks of winter.”"
55,harleysville-hank,Hank,Harleysville Hank,Harleysville,Pennsylvania,USA,"40.290503,-75.3823447",https://www.facebook.com/harleysvillehank/,https://www.facebook.com/harleysvillehank/posts/pfbid0Mpj7rPV81AFZDxysYy81GmYbGnkMFyZMTncM4bobyd1y477LuAHmQ7PgLYt1oVU7l,,FALSE,Plush groundhog,TRUE,,"Harleysville Hank is a plush groundhog who makes an annual prediction at the Mennonite Heritage Center in Harleysville, Pennsylvania. While it is hard to believe there could be anyone who doesn’t know about Harleysville Hank, his Facebook page says he enjoys tunnelling, and speaks Pennsylvania Dutch. Under awards, Hank has listed “Best Groundhog. Ever.” Hank’s Groundhog Day festivities include free coffee, hot chocolate, and kettle-cooked scrapple. In 2023, Hank became engaged to Harleysville Hannah."
56,big-al,Al,Big Al,Beaumont,Texas,USA,"29.9295431,-94.2743348",https://www.facebook.com/gatorcountryrescue/,https://www.12newsnow.com/article/news/local/gator-countrys-big-al-set-to-make-his-groundhog-day-prediction/502-684aae84-e2da-447f-9233-f131967e5b76,,FALSE,Alligator,TRUE,,"Big Al is a 92-year old, 1,000 pound, 13.4-foot alligator prognosticator from Beaumont, Texas. On February 2, Al is offered a chicken breast to chow down on. According to his owner, Gary Saurage, ”If this alligator eats, that means we are done with winter. If he doesn’t, don’t bring your swimsuits out yet.” While groundhogs have a spotty record of predictions, “alligators tell the truth. They’ve been around for millions and millions of years. That’s why we truly believe alligators know when to eat.” Perhaps unfairly, considering Al’s record-setting heft, Saurage insists that there is no need to check with an ‘overgrown hedgehog.’"
57,oil-springs-ollie,Ollie,Oil Springs Ollie,Oil Springs,Ontario,Canada,"42.7669782,-82.1832562",https://www.facebook.com/profile.php?id=100068618865920,,,TRUE,Groundhog,FALSE,heavens-wildlife-harvey,"Oil Springs Ollie was a famous prognosticating groundhog from Oil Springs, Ontario. Ollie came from humble roots, arriving at the Heaven’s Wildlife Rescue as a baby and turning his inspirational story into his career as an educator. Ollie made his first public prediction in 2014, which launched his career as an animal educator and advocate. Ollie was remembered for being laid-back and easygoing, and worked with an understudy, Harvey, in his later years. Ollie retired in 2021."
58,potomac-phil,Phil,Potomac Phil,Washington DC,District of Columbia,USA,"38.9097387,-77.043891",https://twitter.com/potomacphil,https://twitter.com/PotomacPhil/status/1753412639210783036,,FALSE,Taxidermied groundhog,TRUE,,"Potomac Phil is a taxidermied groundhog who makes his weather proclamation in front of D.C.’s Dupont Circle fountain. He is “Washington’s most famous marmot” — a “humble, unflinching prognosticator,” who delights in corn cobs. While other groundhog prognosticators are fluent in Groundhogese, Phil prefers “non-verbal communication”."
59,smith-lake-jake,Jake,Smith Lake Jake,Smith Lake,Alabama,USA,"34.7159524,-86.5418817",https://www.facebook.com/smithlakejake.zgroundhog,https://twitter.com/unitedwayalc/status/1753426459308200318,,TRUE,Groundhog,FALSE,,"Smith Lake Jake, weather prophet extraordinaire, is Alabama’s true weather forecasting groundhog. According to legend, if Smith Lake Jake sees his shadow, he’ll return to his den and winter will continue for another six weeks. If he doesn’t see his shadow, spring will arrive early. Jake is a house groundhog who likes cereal, spaghetti, Keebler Pecan Sandies, and — of course — Groundhog Day! Jake is famous for his impressive hat collection."
60,van-island-violet,Violet,Van Island Violet,Nanaimo,British Columbia,Canada,"49.159641,-124.0503748",https://www.facebook.com/MarmotRecovery/,https://www.facebook.com/MarmotRecovery/videos/1476106099637449/,,FALSE,Vancouver Island marmot,TRUE,,"Van Island Violet is a prognosticating marmot from Vancouver Island whose predictions are meticulously interpreted by the Marmot Recovery Foundation in Nanaimo, British Columbia. There are four species of marmots in Canada, but only the Vancouver Island Marmot (Marmota vancouverensis) is considered at risk. Adam Taylor, executive director of the nonprofit, believes that “a Vancouver Island marmot would be a better weather prognosticator for Vancouver Island than some Eastern marmot that has never been west of the Rockies.”"
61,charles-winchester,Chuck,Charles “Chuck” Winchester,Woodburn,Indiana,USA,"41.1303246,-84.8633726",https://www.facebook.com/profile.php?id=100064403303425,https://www.facebook.com/BeWild2021/posts/pfbid0sKdViMFKTpXutcj5uGGMwW6rgDvEivEX8TNfyDWWi8W5sVCJJ4ZtCR3u4LTwom9sl,beth@indianawild.org,TRUE,Groundhog,TRUE,,"Charles Winchester (a.k.a. Chuck) is a the resident animal ambassador for Indiana Wild, an animal conservatory in Woodburn, Indiana. Similar to a rock star, Chuck travels around the state doing highly anticipated prognostications, and is regularly covered by local media. Chuck typically prognosticates from inside of a magical tree stump which feeds his creative energies, and sometimes moonlights as a pumpkin. "
62,chuck-wood,Chuck,Chuck Wood,Quincy,California,USA,"39.9362979,-120.9523743",https://www.facebook.com/GroundhogFeverFest/,,,FALSE,Animatronic groundhog,TRUE,,"Chuck Wood is an animatronic groundhog seer who makes a yearly Winter Prediction at the Groundhog Fever Festival in Quincy California. In addition to his predictive powers, Chuck is a pillar of the community, helping out in kitchens, construction sites, chemistry classes, and always filing his taxes on time. Chuck’s other passion, eating chili, inspired the chili cook-off: a fitting activity for a chilly February fest."
63,concord-casimir,Casimir,Concord Casimir,Concord,Ohio,USA,"41.6904499,-81.2526303",https://www.facebook.com/CasimirCleveland,https://www.facebook.com/CasimirCleveland/posts/pfbid0LqHLVnVfgTzCxwY99uezpRBHoyrSUc4TsJvo5WqniTMepfvd9sB3i7Vkefwfie9kl,John.niedzialek@gmail.com,FALSE,Cat,TRUE,,"Concord Casimir is an orange cat who makes an annual prediction at Ellison Creek Knob in Concord, Ohio. Casimir — aka, The Polish Prince of Felines — was found abandoned as a kitten on the footsteps of Cleveland’s St. Casimir Polish Church in 2012. Master of Ceremonies John Niedzialek interprets Casimir’s forecast based on the way he eats his yearly pierogis. If he eats them sloppily, Cleveland is in for a long, messy spring; if Casimir eats them normally, then it’s winter as usual; and if he swallows the pierogis in one gulp, the region can look forward to a warm coming summer. Since Casimir’s predictions are a little unconventional, we try our best to fit them into the “spring/winter” dichotomy we prefer on GROUNDHOG-DAY.com."
64,cluxatawney-henrietta,Henrietta,Cluxatawney Henrietta,Katonah,New York,USA,"41.2634599,-73.7307821",https://www.facebook.com/muscootfarm/,https://www.lohud.com/story/news/local/westchester/2024/02/02/muscoot-farm-katonah-ny-cluxatawney-henrietta-predicts-an-early-spring-on-groundhog-day/72438829007/,,FALSE,Ameraucana chicken,TRUE,,"Cluxatawney Henrietta is an Ameraucana chicken who makes a Groundhog Day prediction from Muscoot Farm in Katonah, New York. Farm curator Jonathon Benjamin says, “We don’t have a groundhog on the farm, so we use the next best thing – Henrietta, our weather predicting chicken.” Unlike the conventional ‘shadow’ method used by most Groundhog Day forecasters, Henrietta’s prediction is based on the “scientifically sound and proven methodology” of whether she lays an egg on the morning of February 2nd."
65,gordy-the-groundhog,Gordy,Gordy the Groundhog,Milwaukee,Wisconsin,USA,"43.0315284,-88.0424457",https://www.facebook.com/MilwaukeeCountyZoo,https://www.jsonline.com/story/life/wisconsin-family/2023/02/02/milwaukee-county-zoo-gordy-the-groundhog-predicts-six-weeks-of-winter/69833757007/,,TRUE,Groundhog,FALSE,,"Gordy the Groundhog is the resident prognosticator at the Milwaukee County Zoo in Wisconsin. He was born in Indiana but moved to Milwaukee for his new job, where he makes friends quickly on account of his goofy and friendly personality. Gordy is a connoisseur of broccoli and taking naps."
66,lucy-the-lobster,Lucy,Lucy the Lobster,Barrington,Nova Scotia,Canada,"43.5128603,-65.611397",https://twitter.com/lucylobsterns,https://twitter.com/NateTWN/status/1753389360357978209,satwood@barringtonmunicipality.com,FALSE,Atlantic lobster,TRUE,,"Lucy the Lobster makes Groundhog Day predictions on February 2nd to kick off the Lobster Crawl festival in Barrington, Nova Scotia. The Municipality of Barrington says Lucy is the only prognosticating crustacean to make a prediction in Canada. Bill Murray was reported as being bemused by the idea of a lobster forecaster."
67,mount-gretna-grady,Grady,Mount Gretna Grady,Mount Gretna,Pennsylvania,USA,"40.2467673,-76.4677586",https://www.facebook.com/MtGretnaFireCompany/,https://www.facebook.com/kristin.hubbard.9/videos/1102555457857605,,FALSE,Plush groundhog,TRUE,,"Mount Gretna Grady is a plush groundhog who makes an annual Groundhog Day prediction in Mount Gretna, Pennsylvania. Grady — similar to Snoopy in his biplane doghouse — sports a scarf, aviator cap and goggles. When Grady emerges from his winter nap, his ceremony includes stretching and dancing before he looks for his shadow to predict the upcoming weather. Grady is passionate about fire safety, helping raise money for the Mount Gretna Volunteer Fire Company every year."
68,stumptown-fil,Filbert,Stumptown Fil,Portland,Oregon,USA,"45.5100569,-122.7158264",https://www.facebook.com/oregonzoo,https://www.facebook.com/oregonzoo/videos/348606358086815/,,FALSE,Beaver,TRUE,,"Stumptown Fil — aka, Filbert — is a North American beaver who is the principal prognosticator and unofficial branch manager for the Oregon Zoo in Portland. Filbert was born at the zoo in 2011 and has quickly gained popularity since. “Groundhogs like Punxsutawney Phil are fine for their part of the country,” said Christina Parr, a keeper in the zoo’s North America section. “Here in the Northwest, though, we are beaver believers.”"
69,yonah-the-groundhog,Yonah,Yonah the Groundhog,Cleveland,Georgia,USA,"34.6229744,-83.8676887",https://www.facebook.com/nogawild/,https://www.facebook.com/nogawild/videos/849765110495625,info@wildlifewonders.org,TRUE,Groundhog,TRUE,,"Yonah the Groundhog, the “world’s most famous meteorologist,” makes an annual weather prediction from his home in North Georgia Wildlife Park in Cleveland, Georgia. During his months-long training for his once-a-year prediction, Yonah spends most of his time napping, dreaming of shadows and his favourite snacks: corn and bananas. Not one to (ground)hog the spotlight, Yonah is happy to share the stage with the zoo’s honey badger, Barnabus, who predicts the result of the year’s Superbowl."
70,hope-the-groundhog,Hope,Hope the Groundhog,Hope,Indiana,USA,"39.303483,-85.7731068",https://www.facebook.com/profile.php?id=100064771026348,https://www.indystar.com/story/news/2024/02/02/groundhog-day-hope-indiana-punxatawney-phil-agree-weather-forecast/72448398007/,,TRUE,Groundhog,TRUE,,"Hope the Groundhog is the official prognosticator for the town of Hope, Indiana. Every year on February 2nd, local notables gather around a bandstand in the Town Square as Hope makes her annual prediction of either an early thaw or six more weeks of “Brrr!”, set to a soundtrack of polka music. Hope, the superstar groundhog, also makes herself available to her adoring fans to snag selfies with after her prediction. Hope has been making predictions since 2021, when she took over for the now-retired Grubby the Groundhog."
71,sylvia-the-armadillo,Sylvia,Sylvia the Armadillo,Apex,North Carolina,USA,"35.4574054,-78.6421806",https://www.facebook.com/AnimalEdventuresSanctuary,https://www.newsobserver.com/news/local/article284904877.html,,FALSE,Armadillo,TRUE,,"Sylvia the armadillo is the resident Armadillo Day meteorologist for the City of Apex, North Carolina. For her prognostication, Mayor Jacques Gilbert dramatically raises Sylvia towards the sky while playing “The Circle of Life” as Sylvia peers into the future. Shortly after, Mayor Gilbert announces Sylvia’s whispered prediction to the crowd, as only he understands Armadillo-ese. When she isn’t making highly-anticipated weather forecasts, Sylvia spends her time at the Animal Ed.ventures Sanctuary, where she snacks on bugs and roughhouses with her tortoise roommate."
72,poppy-the-groundhog,Poppy,Poppy the Groundhog,Millersville,Pennsylvania,USA,"40.1213254,-76.6644525",https://www.facebook.com/AcornAcresWR,https://lancasteronline.com/poppy-and-her-new-brother-elliott-make-their-groundhog-day-predictions-at-hempfield-apothetique-photos/collection_091e4d9a-a318-11ed-8006-f3d5ec43e9ac.html,info@acornacreswr.com,TRUE,Groundhog,FALSE,elliott-the-groundhog,"Poppy the Groundhog was internationally known and Emmy nominated. Poppy is an educational ambassador with Acorn Acres Wildlife Rehabilitation in Millersville, PA. She starred in the 2020 Super Bowl commercial with Jeep and Bill Murray. Since her debut she has become quite the educator and does numerous educational appearance every month. Annually she holds her Groundhog Day Scavenger Hunt in downtown Lancaster, PA that runs for a solid week! She has her own line of merch available at Ville & Rue."
73,mt-parker,Parker,MT Parker,Lancaster,Pennsylvania,USA,"40.0588008,-76.3072977",https://www.facebook.com/ManheimTownshipRecreationDepartment,https://www.facebook.com/ManheimTwpPD/posts/797467269093599?ref=embed_post,,FALSE,Plush groundhog,TRUE,,"MT Parker is a plush groundhog prognosticator who makes a yearly Groundhog Day prediction from Stauffer Mansion in Lancaster, Pennsylvania. Parker is a small but determined orator, emerging from his cozy tree-trunk house into the February cold and proclaiming his predictions from the balcony to throngs of dedicated fans. Parker is also notably a foodie, making sure there is always enough s’mores, coffee, and hot chocolate to go around. Parker has been making predictions for Lancaster since 2021."
74,heavens-wildlife-harvey,Harvey,Heaven’s Wildlife Harvey,Oil Springs,Ontario,Canada,"42.7669782,-82.1832562",https://www.facebook.com/profile.php?id=100068618865920,https://www.theobserver.ca/news/local-news/earlier-spring-on-the-way-predicts-heavens-wildlife-harvey,,TRUE,Groundhog,TRUE,,"Heaven’s Wildlife Harvey is a somewhat rotund groundhog who is the official forecaster for the Heaven’s Wildlife Rescue Centre near Oil Springs, Ontario. Harvey succeeds Oil Springs Ollie, who began making predictions in 2014. “Harvey is doing great in his new role,” says Peggy Jenkins, founder of Heaven’s Wildlife Rescue. “Ollie taught him well.” However, Harvey can be a little more rambunctious: while Ollie was laid back and easy-going, Harvey is “kind of a little brat.”"
75,lady-edwina-of-essex,Lady Edwina,Lady Edwina of Essex,West Orange,New Jersey,USA,"40.7674513,-74.2839038",https://www.facebook.com/TurtleBackZoo/,https://www.facebook.com/TurtleBackZoo/posts/pfbid02M71Q9kH3vzzDtSB8HWzr4JtMAi7DDpEDaNBVDce6PfNYxZLTtzyrWuSxzaRTWLSul,,TRUE,Groundhog,TRUE,,"Lady Edwina of Essex is a gentlewoman groundhogess who makes an annual Groundhog Day forecast from the Turtle Back Zoo in New Jersey. Lady Edwina is a relatively junior prognosticator but she continues a proud prognosticating dynasty — taking over from Essex Ed, who retired from forecasting in 2021. Lady Edwina consults “models and maps”, not just shadows, to make 2 yearly predictions: one for the upcoming weather, and another for the results of the Super Bowl."
76,okanagan-okie,Okie,Okanagan Okie,Vernon,British Columbia,Canada,"50.2400127,-119.2915259",https://www.facebook.com/AllanBrooksNatureCentre/,https://www.facebook.com/AllanBrooksNatureCentre/videos/968213791362812/,info@abnc.ca,FALSE,Person in yellow-bellied marmot suit,TRUE,,"Meet Okanagan Okie, the newest addition to the Allan Brooks Nature Centre family! Okie is a charming Yellow-Bellied Marmot hailing from Vernon, BC, and proud cousin to the marmots that call the Centre home. Known for his flair for theatre and larger-than-life personality, Okie was unanimously elected to take on the prestigious role of spokes-marmot for ABNC. Okie has trained diligently in the ancient art of weather prognostication for the Centre’s Groundhog Day celebrations. However, Okie still has one challenge—he’s not exactly a morning marmot! He needs a little encouragement from the community to rise and shine on time for his special day."
77,pisgah-penny,Penny,Pisgah Penny,Brevard,North Carolina,USA,"35.243478,-82.7769959",https://www.facebook.com/whitesquirrelinstitute,https://www.facebook.com/whitesquirrelinstitute/posts/pfbid02hPREHeeEVQ3oqguYA5NnFU77FynXyJy4b26K8e66c8uZttQJTegzgn9UwVZ8uRBnl,,FALSE,Tree squirrel,TRUE,,"Pisgah Penny is a white Tree Squirrel who makes an annual prediction for “White Squirrel Day” in Brevard, North Carolina. White Squirrel Day is similar in many respects to Groundhog Day, the primary difference being the substitution of a groudhog for a squirrel. Penny’s predictions are based on what side of her display cage she moves to, one side signifying early spring and the other six more weeks winter. Brevard Mayor Maureen Copelof says “Pisgah Penny has established herself as a beloved and valued member of this community who openly asserts her love for Brevard,” while “Punxsutawney Phil has established himself as, let’s be honest, an ill tempered, unreliable predictor.”"
78,queen-city-charlie,Charlie,Queen City Charlie,Cumberland,Maryland,USA,"39.6528658,-78.7646866",https://www.facebook.com/cityofcumberlandmd,https://www.facebook.com/historicdowntowncumberland/videos/1332591510764739/,melinda.kelleher@cumberlandmd.gov,FALSE,Person in a groundhog suit,TRUE,,"Queen City Charlie is a prognosticating person in a groundhog suit who makes an annual prediction for the city of Cumberland, Maryland. Charlie (pictured, right) is a political animal whose predictive press releases are made at City Hall Plaza by the mayor, who Charlie is frequently pictured next to. Charlie is a person-sized replacement for Mountain Maryland Murray, the city’s former furry prognosticator who retired in 2021."
79,unadilla-billie,Billie,Unadilla Billie,Unadilla,Nebraska,USA,"40.6834005,-96.2751068",https://www.facebook.com/profile.php?id=100064741024244,https://www.facebook.com/permalink.php?story_fbid=pfbid0BMQge7mKVxoYC4aQuNVg7hdKA6nNLC9gqrLCwfWGFnWzzwcwc9veAYs1E5SK76jPl&id=100064741024244,,FALSE,Taxidermied groundhog,TRUE,,"Unadilla Billie is a taxidermied lady groundhog who makes an annual Groundhog Day prediction for the town of Unadilla, Nebraska. Billie is a novice groundhog, the successor to longtime prognosticator Unadilla Bill, who predicted the arrival of spring  from 1988 to the pandemic year of 2021. Billie is relishing her new role, writing poetic predictions and taking selfies with fans. Billie is a master of camouflage, able to blend in with her surroundings and remain perfectly still in just about any urban setting."
80,cedar-the-groundhog,Cedar,Cedar the Groundhog,West Dundee,Illinois,USA,"42.1157016,-88.3362437",https://www.facebook.com/RandallOaksZoo,https://www.facebook.com/RandallOaksZoo/posts/pfbid0rYd4wUFPb1HmcZ4qoni37rzRtLYHjqtEbLhgdjToLHwf33vg5dwBCGTJasyKsPhRl,,TRUE,Groundhog,TRUE,,"Cedar the Groundhog (aka, Squish) is a young whistlepig who gives official prognostications for the Randall Oaks Zoo in West Dundee, Illinois. Cedar was orphaned at a very young age and entered the care of the zoo. Typically Gen-Z, Cedar is very friendly and loves getting attention (his predictions are streamed on Facebook), which is why he invites lots of people to his parties. For any partygoers unsure how to shop for a groundhog, Cedar unsubtly posted on Facebook that he loves banana chips.  "
81,elliott-the-groundhog,Elliott,Elliott the Groundhog,Millersville,Pennsylvania,USA,"40.1213254,-76.6644525",https://www.facebook.com/AcornAcresWR,https://lancasteronline.com/elliott-makes-his-first-official-groundhog-day-prediction-photos/collection_35bd0144-c116-11ee-996c-2b15bc4826f4.html,info@acornacreswr.com,TRUE,Groundhog,TRUE,,"Elliott the Groundhog is an educational ambassador with Acorn Acres Wildlife Rehabilitation in Millersville, Pennsylvania. After shadowing his big sister Poppy, Elliott took over her prognosticating duties for the first time in 2024. Departing from the more traditional ‘shadow’ technique, Elliot uses the “treat method” to make his prediction. He gets two identical treat dishes: one says “spring” and the other “winter.” Whichever bowl Elliot eats from is his prediction. Elliott is a bit of a sartorialist and has been known to wear a miniature tuxedo for special occasions."